{"xs": [1, 101, 201, 301, 401, 501, 601, 701, 801, 901, 1001, 1101, 1201, 1301, 1401, 1501, 1601, 1701, 1801, 1901, 2001, 2101, 2201, 2301, 2401, 2501, 2601, 2701, 2801, 2901, 3001, 3101, 3201, 3301, 3401, 3501, 3601, 3701, 3801, 3901, 4001, 4101, 4201, 4301, 4401, 4501, 4601, 4701, 4801, 4901, 5001, 5101, 5201, 5301, 5401, 5501, 5601, 5701, 5801, 5901, 6001, 6101, 6201, 6301, 6401, 6501, 6601, 6701, 6801, 6901, 7001, 7101, 7201, 7301, 7401, 7501, 7601, 7701, 7801, 7901, 8001, 8101, 8201, 8301, 8401, 8501, 8601, 8701, 8801, 8901, 9001, 9101, 9201, 9301, 9401, 9501, 9601, 9701, 9801, 9901, 10001, 10101, 10201, 10301, 10401, 10501, 10601, 10701, 10801, 10901, 11001, 11101, 11201, 11301, 11401, 11501, 11601, 11701, 11801, 11901, 12001, 12101, 12201, 12301, 12401, 12501, 12601, 12701, 12801, 12901, 13001, 13101, 13201, 13301, 13401, 13501, 13601, 13701, 13801, 13901, 14001, 14101, 14201, 14301, 14401, 14501, 14601, 14701, 14801, 14901, 15001, 15101, 15201, 15301, 15401, 15501, 15601, 15701, 15801, 15901, 16001, 16101, 16201, 16301, 16401, 16501, 16601, 16701, 16801, 16901, 17001, 17101, 17201, 17301, 17401, 17501, 17601, 17701, 17801, 17901, 18001, 18101, 18201, 18301, 18401, 18501, 18601, 18701, 18801, 18901, 19001, 19101, 19201, 19301, 19401, 19501, 19601, 19701, 19801, 19901], "f_string_ys": [0.0, 0.0, 0.0001, 0.0, 0.0001, 0.0001, 0.00010999999999999996, 0.0002, 0.0003, 0.00020999999999999998, 0.0002, 0.00020999999999999998, 0.0002, 0.0002, 0.0003, 0.0003, 0.00041999999999999996, 0.00041999999999999996, 0.0004, 0.00042999999999999994, 0.00041, 0.0003, 0.0005, 0.0003, 0.0004, 0.00041, 0.0005, 0.0005099999999999999, 0.0009099999999999999, 0.00052, 0.0006, 0.0006099999999999999, 0.0006, 0.0006199999999999999, 0.0008299999999999999, 0.0007, 0.0007, 0.00101, 0.0008, 0.00081, 0.0009199999999999999, 0.0009399999999999999, 0.0005099999999999999, 0.0010199999999999999, 0.0008299999999999999, 0.00101, 0.0011, 0.0009099999999999999, 0.0007099999999999999, 0.00121, 0.0012, 0.0010299999999999999, 0.0009099999999999999, 0.00154, 0.0011, 0.0011, 0.0010599999999999997, 0.00121, 0.0008, 0.0013199999999999998, 0.00131, 0.00112, 0.0012, 0.00101, 0.00081, 0.00121, 0.00161, 0.0013499999999999999, 0.00121, 0.0013799999999999997, 0.0014199999999999998, 0.0017299999999999998, 0.00161, 0.00213, 0.0014199999999999998, 0.00111, 0.0013199999999999998, 0.0015, 0.00161, 0.00151, 0.00171, 0.00155, 0.0013299999999999998, 0.0021099999999999995, 0.0015199999999999999, 0.00209, 0.00161, 0.00181, 0.0021, 0.00211, 0.0015199999999999999, 0.0018699999999999997, 0.00277, 0.0030199999999999992, 0.0020599999999999998, 0.00191, 0.0024, 0.0017299999999999998, 0.0017, 0.0019199999999999998, 0.0018199999999999998, 0.00233, 0.00222, 0.00251, 0.00274, 0.00233, 0.00232, 0.0021699999999999996, 0.00231, 0.0027300000000000002, 0.00243, 0.0024, 0.0023, 0.00283, 0.0026, 0.00211, 0.0028399999999999996, 0.0037300000000000002, 0.00302, 0.00301, 0.00281, 0.00242, 0.0023299999999999996, 0.0035299999999999993, 0.00301, 0.0029699999999999996, 0.0029, 0.00251, 0.00291, 0.00371, 0.0028899999999999998, 0.00292, 0.00397, 0.00301, 0.00325, 0.00292, 0.0037300000000000002, 0.0028799999999999997, 0.0026799999999999992, 0.00343, 0.0033, 0.00341, 0.0036999999999999997, 0.0035, 0.00375, 0.0034699999999999996, 0.00272, 0.00363, 0.00293, 0.00404, 0.00401, 0.0029399999999999995, 0.00392, 0.0030499999999999998, 0.00431, 0.00381, 0.0037499999999999994, 0.003909999999999999, 0.00397, 0.00401, 0.00443, 0.003909999999999999, 0.00371, 0.0037199999999999993, 0.005279999999999999, 0.00454, 0.004529999999999999, 0.004319999999999999, 0.00604, 0.00313, 0.00411, 0.004019999999999999, 0.00524, 0.00472, 0.004079999999999999, 0.0057, 0.0057799999999999995, 0.00456, 0.00722, 0.00511, 0.0053, 0.00612, 0.00436, 0.00677, 0.00515, 0.004809999999999999, 0.00449, 0.004209999999999999, 0.00662, 0.00699, 0.00496, 0.00671, 0.00533, 0.006149999999999999, 0.00572, 0.00644, 0.00671, 0.0079, 0.006789999999999999, 0.00655], "string_format_ys": [0.0, 0.0, 0.0, 0.0, 0.0001, 0.0002, 0.00010999999999999996, 0.0002, 0.0003, 0.00027999999999999976, 0.0002, 0.0002, 0.0002, 0.00020999999999999998, 0.0002, 0.0003, 0.00030999999999999995, 0.00041, 0.0004, 0.0004, 0.0004, 0.0003, 0.00041, 0.0003, 0.00030999999999999995, 0.00052, 0.0005, 0.0005, 0.0006, 0.0005099999999999999, 0.0006, 0.0009099999999999999, 0.0006099999999999999, 0.00052, 0.0005099999999999999, 0.0005, 0.0006099999999999999, 0.0007199999999999999, 0.0009499999999999998, 0.0007099999999999999, 0.0007099999999999999, 0.0006099999999999999, 0.0008, 0.0007299999999999999, 0.0012699999999999996, 0.0009099999999999999, 0.00104, 0.0009, 0.0006099999999999999, 0.0013299999999999998, 0.00112, 0.0008499999999999998, 0.0009199999999999999, 0.00101, 0.0010299999999999999, 0.00112, 0.0013, 0.0008, 0.0015, 0.00151, 0.0012199999999999997, 0.00112, 0.00121, 0.00081, 0.0015599999999999998, 0.0014, 0.00171, 0.00131, 0.0011, 0.0014, 0.0014, 0.0012299999999999998, 0.0013399999999999998, 0.0016499999999999998, 0.0013, 0.0017199999999999997, 0.0015199999999999999, 0.0021399999999999995, 0.0016, 0.0014199999999999998, 0.00162, 0.00221, 0.0019199999999999998, 0.00161, 0.0016, 0.0015, 0.00171, 0.00253, 0.0017199999999999997, 0.0017899999999999995, 0.0012199999999999997, 0.00252, 0.0024599999999999995, 0.0028699999999999997, 0.00181, 0.00201, 0.0018, 0.00202, 0.00224, 0.0019699999999999995, 0.00212, 0.0027499999999999994, 0.0023399999999999996, 0.0031, 0.00231, 0.0026399999999999996, 0.00274, 0.00282, 0.00222, 0.0024599999999999995, 0.0028799999999999997, 0.0017, 0.0019499999999999997, 0.00277, 0.00228, 0.0024499999999999995, 0.0028299999999999996, 0.00303, 0.0023499999999999997, 0.0028, 0.0035, 0.00232, 0.0024, 0.00251, 0.00292, 0.00263, 0.0025399999999999997, 0.0023499999999999997, 0.00303, 0.00282, 0.0029199999999999994, 0.0023, 0.00351, 0.00353, 0.00262, 0.0032300000000000002, 0.00333, 0.0031399999999999996, 0.00292, 0.0029599999999999995, 0.00361, 0.00252, 0.00332, 0.00331, 0.0034, 0.0036499999999999996, 0.0033499999999999997, 0.0042, 0.0036399999999999996, 0.0038599999999999997, 0.00422, 0.0045, 0.00396, 0.00331, 0.004, 0.00443, 0.00311, 0.0036399999999999996, 0.00377, 0.00407, 0.0038199999999999996, 0.0031999999999999997, 0.004229999999999999, 0.00399, 0.00424, 0.00436, 0.00431, 0.004509999999999999, 0.00415, 0.004529999999999999, 0.006069999999999999, 0.00501, 0.00471, 0.004229999999999999, 0.004549999999999999, 0.00467, 0.004529999999999999, 0.004879999999999999, 0.00454, 0.006549999999999999, 0.005079999999999999, 0.0059, 0.005399999999999999, 0.005209999999999999, 0.005379999999999999, 0.0052899999999999996, 0.00575, 0.00586, 0.0054399999999999995, 0.00566, 0.0073, 0.00592, 0.00599, 0.00705, 0.00827, 0.00592, 0.00636, 0.00833, 0.007509999999999999, 0.00805], "logging_params_ys": [0.0, 0.0, 0.0, 0.0, 0.0, 0.0, 0.0, 0.0, 0.0, 0.0, 0.0, 0.0, 0.0, 0.0, 0.0, 0.0, 0.0, 0.0, 0.0, 0.0, 0.0, 0.0, 0.0, 0.0, 0.0, 0.0, 0.0, 0.0, 0.0, 0.0, 0.0, 0.0, 0.0, 0.0, 0.0, 0.0, 0.0, 0.0, 0.0, 0.0, 0.0, 0.0, 0.0, 0.0, 0.0, 0.0, 0.0, 0.0, 0.0, 0.0, 0.0, 0.0, 0.0, 0.0, 0.0, 0.0, 0.0, 0.0, 0.0, 0.0, 0.0, 0.0, 0.0, 0.0, 0.0, 0.0, 0.0, 0.0, 0.0, 0.0, 0.0, 0.0, 0.0, 0.0, 0.0, 0.0, 0.0, 0.0, 0.0, 0.0, 0.0, 0.0, 0.0, 0.0, 0.0, 0.0, 0.0, 0.0, 0.0, 0.0, 0.0, 0.0, 0.0, 0.0, 0.0, 0.0, 0.0, 0.0, 0.0, 0.0, 0.0, 0.0, 0.0, 0.0, 0.0, 0.0, 0.0, 0.0, 0.0, 0.0, 0.0, 0.0, 0.0, 0.0, 0.0, 0.0, 0.0, 0.0, 0.0, 0.0, 0.0, 0.0, 0.0, 0.0, 0.0, 0.0, 0.0, 0.0, 0.0, 0.0, 0.0, 0.0, 0.0, 0.0, 9.999999999999965e-06, 0.0, 0.0, 0.0, 0.0, 0.0, 0.0, 0.0, 0.0, 0.0, 0.0, 0.0, 0.0, 0.0, 0.0, 0.0, 9.999999999999965e-06, 0.0, 0.0, 0.0, 0.0, 0.0, 0.0, 0.0, 0.0, 0.0, 0.0, 0.0, 0.0, 0.0, 0.0, 0.0, 0.0, 0.0, 0.0, 0.0, 0.0, 0.0, 0.0, 0.0, 0.0, 9.999999999999965e-06, 0.0, 0.0, 0.0, 0.0, 0.0, 0.0, 0.0, 0.0, 0.0, 2.9999999999999892e-05, 0.0, 0.0, 0.0, 0.0, 0.0, 0.0, 0.0, 0.0, 0.0, 0.0, 0.0, 0.0, 0.0, 0.0],