{"xs": [1, 101, 201, 301, 401, 501, 601, 701, 801, 901, 1001, 1101, 1201, 1301, 1401, 1501, 1601, 1701, 1801, 1901, 2001, 2101, 2201, 2301, 2401, 2501, 2601, 2701, 2801, 2901, 3001, 3101, 3201, 3301, 3401, 3501, 3601, 3701, 3801, 3901, 4001, 4101, 4201, 4301, 4401, 4501, 4601, 4701, 4801, 4901, 5001, 5101, 5201, 5301, 5401, 5501, 5601, 5701, 5801, 5901, 6001, 6101, 6201, 6301, 6401, 6501, 6601, 6701, 6801, 6901, 7001, 7101, 7201, 7301, 7401, 7501, 7601, 7701, 7801, 7901, 8001, 8101, 8201, 8301, 8401, 8501, 8601, 8701, 8801, 8901, 9001, 9101, 9201, 9301, 9401, 9501, 9601, 9701, 9801, 9901, 10001, 10101, 10201, 10301, 10401, 10501, 10601, 10701, 10801, 10901, 11001, 11101, 11201, 11301, 11401, 11501, 11601, 11701, 11801, 11901, 12001, 12101, 12201, 12301, 12401, 12501, 12601, 12701, 12801, 12901, 13001, 13101, 13201, 13301, 13401, 13501, 13601, 13701, 13801, 13901, 14001, 14101, 14201, 14301, 14401, 14501, 14601, 14701, 14801, 14901, 15001, 15101, 15201, 15301, 15401, 15501, 15601, 15701, 15801, 15901, 16001, 16101, 16201, 16301, 16401, 16501, 16601, 16701, 16801, 16901, 17001, 17101, 17201, 17301, 17401, 17501, 17601, 17701, 17801, 17901, 18001, 18101, 18201, 18301, 18401, 18501, 18601, 18701, 18801, 18901, 19001, 19101, 19201, 19301, 19401, 19501, 19601, 19701, 19801, 19901], "f_string_ys": [9.999999999999965e-06, 1.999999999999993e-05, 0.0001, 9.999999999999965e-06, 0.00016999999999999974, 0.0001599999999999998, 0.0005199999999999996, 0.00027999999999999976, 0.00020999999999999998, 0.00033999999999999916, 0.00010999999999999996, 0.00019999999999999966, 0.00010999999999999996, 0.0018899999999999998, 0.0003199999999999999, 0.0004299999999999995, 0.0005899999999999997, 0.0003099999999999996, 0.00041999999999999996, 0.005029999999999986, 0.0011599999999999998, 0.00047999999999999974, 0.00046999999999999977, 0.0009, 0.0013, 0.0005799999999999997, 0.0016099999999999992, 0.0010299999999999984, 0.0018399999999999988, 0.0016, 0.001949999999999999, 0.0031599999999999996, 0.00151, 0.00163, 0.0013199999999999998, 0.0006099999999999996, 0.0011999999999999997, 0.00163, 0.0007399999999999994, 0.0019399999999999999, 0.002, 0.00154, 0.0007899999999999997, 0.00191, 0.0010799999999999998, 0.0019199999999999998, 0.0018499999999999999, 0.00201, 0.0024299999999999994, 0.0021, 0.0024299999999999986, 0.0020299999999999997, 0.0022099999999999993, 0.00211, 0.00232, 0.0028099999999999996, 0.00261, 0.00241, 0.007369999999999987, 0.00221, 0.0032499999999999994, 0.0022, 0.00231, 0.00231, 0.0023, 0.00231, 0.0025, 0.0023, 0.0023499999999999997, 0.00231, 0.00222, 0.00233, 0.0024899999999999996, 0.00242, 0.0026899999999999997, 0.0024699999999999995, 0.00232, 0.0025399999999999993, 0.00253, 0.00241, 0.004609999999999999, 0.0027, 0.00251, 0.0032499999999999985, 0.00291, 0.0029099999999999994, 0.0026599999999999996, 0.004129999999999998, 0.0026399999999999996, 0.00281, 0.00262, 0.0026399999999999996, 0.00277, 0.0029099999999999994, 0.004, 0.0032099999999999984, 0.0029, 0.0035499999999999985, 0.0040599999999999985, 0.003959999999999998, 0.00292, 0.00301, 0.0032199999999999993, 0.003919999999999999, 0.004039999999999999, 0.0029999999999999996, 0.0036599999999999983, 0.003679999999999999, 0.00785, 0.0048699999999999985, 0.004619999999999999, 0.0029, 0.0028999999999999994, 0.0034999999999999983, 0.005409999999999999, 0.00321, 0.00311, 0.0031899999999999993, 0.0033199999999999996, 0.0045299999999999984, 0.0033099999999999996, 0.0033699999999999997, 0.00775, 0.004559999999999999, 0.004789999999999999, 0.004139999999999999, 0.004129999999999998, 0.004579999999999999, 0.004179999999999999, 0.0045699999999999985, 0.006069999999999999, 0.005089999999999999, 0.004999999999999999, 0.0036999999999999984, 0.004779999999999999, 0.0035399999999999993, 0.005079999999999999, 0.00861, 0.003769999999999998, 0.005079999999999999, 0.00834, 0.005569999999999999, 0.005419999999999999, 0.0040599999999999985, 0.003889999999999999, 0.005169999999999998, 0.004139999999999998, 0.00864, 0.005309999999999999, 0.00896, 0.004559999999999998, 0.004759999999999999, 0.004279999999999998, 0.00849, 0.004589999999999999, 0.005599999999999999, 0.005129999999999998, 0.009349999999999999, 0.004689999999999999, 0.007009999999999999, 0.008749999999999999, 0.004729999999999999, 0.004299999999999998, 0.003969999999999999, 0.009409999999999998, 0.009019999999999999, 0.00891, 0.00622, 0.005269999999999999, 0.008749999999999999, 0.009089999999999999, 0.00924, 0.010530000000000001, 0.0045699999999999985, 0.00881, 0.00826, 0.004829999999999998, 0.004659999999999998, 0.009049999999999999, 0.00868, 0.0056999999999999985, 0.00873, 0.0045699999999999985, 0.01055, 0.009019999999999999, 0.006609999999999999, 0.009099999999999999, 0.00945, 0.00896, 0.00894, 0.00823, 0.010530000000000001, 0.009430000000000001, 0.008839999999999999, 0.009139999999999999, 0.005179999999999999, 0.010709999999999999, 0.006999999999999999, 0.009930000000000001, 0.00987],