{"xs": [10, 500, 5000, 10000, 20000, 30000, 40000, 50000, 60000, 70000, 80000, 90000, 100000], "seq_ys": [0.0003, 0.011999999999999999, 0.12433999999999992, 0.22934, 0.39398, 0.67243, 0.68638, 1.1019100000000002, 1.05146, 1.77536, 1.95207, 1.97747, 3.4685099999999993], "threadpool_100_workers_ys": [0.0014299999999999998, 0.03354, 0.38526, 0.55547, 0.9753599999999999, 1.69521, 2.20435, 2.7842999999999996, 3.2274399999999996, 4.02064, 5.12946, 4.6799, 5.00575], "threadpool_10_workers_ys": [0.0014199999999999998, 0.02655, 0.24897999999999998, 0.67917, 1.30599, 1.45935, 2.36521, 2.36095, 3.4379099999999996, 3.57823, 4.275530000000001, 4.86658, 4.5042800000000005], "multiprocessing_pool_ys": [0.353, 0.35708, 0.62161, 0.53076, 0.47612, 0.48557, 0.57609, 0.77029, 0.72296, 0.90599, 0.92418, 0.9723499999999999, 1.0009599999999998]}