{"xs": [1, 101, 201, 301, 401, 501, 601, 701, 801, 901, 1001, 1101, 1201, 1301, 1401, 1501, 1601, 1701, 1801, 1901], "seq_ys": [0.0001, 0.0041600000000000005, 0.00726, 0.01026, 0.01362, 0.024200000000000003, 0.02316, 0.039580000000000004, 0.030760000000000003, 0.03182, 0.0344, 0.04098, 0.04224, 0.04624, 0.0484, 0.049819999999999996, 0.0782, 0.06062, 0.06282, 0.05932], "threadpool_100_workers_ys": [0.00052, 0.01306, 0.02066, 0.03626, 0.046900000000000004, 0.07214000000000001, 0.0685, 0.18368, 0.08734, 0.10082, 0.1143, 0.12494000000000001, 0.13296, 0.14146, 0.14664000000000002, 0.15546000000000001, 0.18238000000000001, 0.17606, 0.17374, 0.19278], "threadpool_10_workers_ys": [0.0004, 0.012360000000000001, 0.018779999999999998, 0.032, 0.038919999999999996, 0.055720000000000006, 0.05888, 0.114, 0.0829, 0.094, 0.09752000000000001, 0.1136, 0.1132, 0.1167, 0.12578, 0.13222, 0.15547999999999998, 0.1572, 0.17988, 0.17662], "multiprocessing_pool_ys": [0.5647, 0.3468, 0.36678, 0.38898000000000005, 0.39346, 0.3999, 0.40148, 0.44802, 0.41364, 0.39764, 0.4513, 0.41296, 0.42163999999999996, 0.41282, 0.41156, 0.4417, 0.41686, 0.42234, 0.41106000000000004, 0.4279]}