{"xs": [1, 101, 201, 301, 401, 501, 601, 701, 801, 901, 1001, 1101, 1201, 1301, 1401, 1501, 1601, 1701, 1801, 1901, 2001, 2101, 2201, 2301, 2401, 2501, 2601, 2701, 2801, 2901, 3001, 3101, 3201, 3301, 3401, 3501, 3601, 3701, 3801, 3901, 4001, 4101, 4201, 4301, 4401, 4501, 4601, 4701, 4801, 4901, 5001, 5101, 5201, 5301, 5401, 5501, 5601, 5701, 5801, 5901, 6001, 6101, 6201, 6301, 6401, 6501, 6601, 6701, 6801, 6901, 7001, 7101, 7201, 7301, 7401, 7501, 7601, 7701, 7801, 7901, 8001, 8101, 8201, 8301, 8401, 8501, 8601, 8701, 8801, 8901, 9001, 9101, 9201, 9301, 9401, 9501, 9601, 9701, 9801, 9901, 10001, 10101, 10201, 10301, 10401, 10501, 10601, 10701, 10801, 10901, 11001, 11101, 11201, 11301, 11401, 11501, 11601, 11701, 11801, 11901, 12001, 12101, 12201, 12301, 12401, 12501, 12601, 12701, 12801, 12901, 13001, 13101, 13201, 13301, 13401, 13501, 13601, 13701, 13801, 13901, 14001, 14101, 14201, 14301, 14401, 14501, 14601, 14701, 14801, 14901, 15001, 15101, 15201, 15301, 15401, 15501, 15601, 15701, 15801, 15901, 16001, 16101, 16201, 16301, 16401, 16501, 16601, 16701, 16801, 16901, 17001, 17101, 17201, 17301, 17401, 17501, 17601, 17701, 17801, 17901, 18001, 18101, 18201, 18301, 18401, 18501, 18601, 18701, 18801, 18901, 19001, 19101, 19201, 19301, 19401, 19501, 19601, 19701, 19801, 19901], "f_string_ys": [9.999999999999965e-06, 0.0001, 0.0001, 0.00010999999999999996, 0.00010999999999999996, 0.00020999999999999998, 0.0002, 0.0002, 0.0003, 0.00020999999999999998, 0.00020999999999999998, 0.0003, 0.0003, 0.0003, 0.00030999999999999995, 0.0004, 0.00041, 0.0005099999999999999, 0.0005, 0.0005, 0.0005, 0.0005, 0.0005099999999999999, 0.0006099999999999999, 0.0006, 0.0006, 0.0007, 0.0008, 0.0008, 0.0007, 0.0007, 0.00082, 0.0007099999999999999, 0.0007099999999999999, 0.0008, 0.0008, 0.001, 0.00081, 0.0012399999999999998, 0.0009, 0.00081, 0.0009099999999999999, 0.0009099999999999999, 0.0016699999999999992, 0.004149999999999999, 0.00101, 0.001, 0.00101, 0.00121, 0.0020299999999999993, 0.002609999999999999, 0.00474, 0.0018799999999999986, 0.00482, 0.00404, 0.001789999999999999, 0.00131, 0.00594, 0.0019999999999999987, 0.005529999999999999, 0.0015, 0.0015, 0.00602, 0.005849999999999999, 0.00592, 0.0057799999999999995, 0.006, 0.0059499999999999996, 0.00584, 0.00522, 0.00569, 0.00552, 0.006209999999999999, 0.00574, 0.00556, 0.00565, 0.006209999999999999, 0.00613, 0.005509999999999999, 0.0056099999999999995, 0.00524, 0.00512, 0.00641, 0.005829999999999999, 0.005299999999999999, 0.005549999999999999, 0.004979999999999999, 0.00622, 0.006209999999999999, 0.00562, 0.00565, 0.0054600000000000004, 0.0056, 0.00601, 0.0049099999999999994, 0.00601, 0.00526, 0.005809999999999999, 0.005809999999999999, 0.00571, 0.006, 0.005549999999999999, 0.0059099999999999995, 0.0059, 0.00543, 0.006, 0.00534, 0.0049299999999999995, 0.00572, 0.005699999999999999, 0.008119999999999999, 0.00836, 0.0084, 0.009029999999999998, 0.00881, 0.00861, 0.00813, 0.0081, 0.008230000000000001, 0.00851, 0.00862, 0.008809999999999998, 0.009009999999999999, 0.008419999999999999, 0.00873, 0.0085, 0.00825, 0.00852, 0.00852, 0.00833, 0.00824, 0.00864, 0.008719999999999999, 0.0096, 0.00862, 0.00822, 0.00861, 0.009319999999999998, 0.0089, 0.0087, 0.00832, 0.0086, 0.00795, 0.00854, 0.00881, 0.012889999999999999, 0.008709999999999999, 0.008709999999999999, 0.009189999999999999, 0.00964, 0.009949999999999997, 0.009109999999999998, 0.008709999999999999, 0.00921, 0.0083, 0.0087, 0.00874, 0.0087, 0.0087, 0.00874, 0.0083, 0.0085, 0.011959999999999998, 0.008939999999999998, 0.0083, 0.009049999999999999, 0.0086, 0.011009999999999999, 0.009219999999999997, 0.00831, 0.00833, 0.00891, 0.009609999999999999, 0.0084, 0.00862, 0.0088, 0.00894, 0.0084, 0.0084, 0.0084, 0.00851, 0.008799999999999999, 0.0086, 0.00887, 0.0088, 0.008709999999999999, 0.0089, 0.008409999999999999, 0.0084, 0.00861, 0.01455, 0.009409999999999998, 0.0084, 0.00831, 0.0083, 0.0085, 0.008409999999999999, 0.00863, 0.009369999999999998, 0.009079999999999998], "string_format_ys": [9.999999999999965e-06, 0.0001, 0.0001, 0.0001, 0.0001, 0.0002, 0.0002, 0.0002, 0.00020999999999999998, 0.0002, 0.0003, 0.0003, 0.00030999999999999995, 0.0003, 0.0004, 0.00041999999999999996, 0.0004, 0.0005099999999999999, 0.00041, 0.0005, 0.0006, 0.0006, 0.0006199999999999999, 0.0006, 0.0005099999999999999, 0.0007, 0.0007, 0.0007, 0.0007, 0.0007099999999999999, 0.0008, 0.0007, 0.0008, 0.0009099999999999999, 0.0008, 0.00111, 0.00081, 0.0009, 0.0009, 0.00081, 0.0009, 0.0009099999999999999, 0.00131, 0.00161, 0.00131, 0.001, 0.0010299999999999999, 0.0011, 0.0012, 0.00419, 0.00141, 0.0017599999999999994, 0.00141, 0.0041600000000000005, 0.0017299999999999996, 0.00131, 0.0063, 0.00603, 0.0061400000000000005, 0.00592, 0.002029999999999999, 0.00151, 0.006, 0.00522, 0.00522, 0.0059099999999999995, 0.006, 0.00592, 0.006209999999999999, 0.0061200000000000004, 0.00642, 0.00562, 0.005529999999999999, 0.00603, 0.00592, 0.0062, 0.00575, 0.00607, 0.005809999999999999, 0.00562, 0.0063, 0.0057, 0.005579999999999999, 0.005579999999999999, 0.00592, 0.0061200000000000004, 0.005379999999999999, 0.005529999999999999, 0.0059099999999999995, 0.00512, 0.00592, 0.0056099999999999995, 0.00509, 0.007099999999999994, 0.00545, 0.00601, 0.0056, 0.00542, 0.00582, 0.0053, 0.00601, 0.00563, 0.00592, 0.006, 0.00611, 0.00552, 0.0056099999999999995, 0.00563, 0.00562, 0.00537, 0.00861, 0.00851, 0.00831, 0.008119999999999999, 0.00821, 0.008409999999999999, 0.0086, 0.00831, 0.00851, 0.00861, 0.00861, 0.0084, 0.00852, 0.00862, 0.00861, 0.009789999999999993, 0.0087, 0.00821, 0.00861, 0.00844, 0.0085, 0.00861, 0.0087, 0.008969999999999999, 0.008409999999999999, 0.00852, 0.0087, 0.008709999999999999, 0.008419999999999999, 0.00862, 0.008719999999999999, 0.0087, 0.0088, 0.0082, 0.0086, 0.013909999999999999, 0.008919999999999999, 0.00861, 0.00832, 0.00851, 0.0086, 0.0087, 0.008719999999999999, 0.00861, 0.009189999999999997, 0.009529999999999999, 0.00863, 0.008830000000000001, 0.009149999999999998, 0.0087, 0.0084, 0.008709999999999999, 0.0083, 0.00834, 0.0087, 0.008759999999999999, 0.00831, 0.0083, 0.00883, 0.010889999999999999, 0.010079999999999995, 0.00831, 0.0084, 0.008829999999999998, 0.009179999999999997, 0.0084, 0.0084, 0.0083, 0.008709999999999999, 0.00851, 0.0084, 0.00822, 0.008409999999999999, 0.00844, 0.008419999999999999, 0.0085, 0.0084, 0.0084, 0.00856, 0.00885, 0.009189999999999999, 0.008409999999999999, 0.01438, 0.00851, 0.0085, 0.00891, 0.0087, 0.00861, 0.008409999999999999, 0.008409999999999999],