{"xs": [1, 201, 401, 601, 801, 1001, 1201, 1401, 1601, 1801, 2001, 2201, 2401, 2601, 2801, 3001, 3201, 3401, 3601, 3801, 4001, 4201, 4401, 4601, 4801, 5001, 5201, 5401, 5601, 5801, 6001, 6201, 6401, 6601, 6801, 7001, 7201, 7401, 7601, 7801, 8001, 8201, 8401, 8601, 8801, 9001, 9201, 9401, 9601, 9801, 10001, 10201, 10401, 10601, 10801, 11001, 11201, 11401, 11601, 11801, 12001, 12201, 12401, 12601, 12801, 13001, 13201, 13401, 13601, 13801, 14001, 14201, 14401, 14601, 14801, 15001, 15201, 15401, 15601, 15801, 16001, 16201, 16401, 16601, 16801, 17001, 17201, 17401, 17601, 17801, 18001, 18201, 18401, 18601, 18801, 19001, 19201, 19401, 19601, 19801], "for_loop_ys": [0.0, 0.0, 0.0, 0.0001, 0.0, 0.0001, 0.0001, 0.0001, 0.0002, 0.0001, 0.0001, 0.0001, 0.0001, 0.00016, 0.00016, 0.0002, 0.0002, 0.0003, 0.0002, 0.0002, 0.0002, 0.00042, 0.00036, 0.00036, 0.00042, 0.00036, 0.00036, 0.0003, 0.0003, 0.0003, 0.00036, 0.0004, 0.0003, 0.0004, 0.0004, 0.00056, 0.00056, 0.0004, 0.0005, 0.0005, 0.00056, 0.00056, 0.00046, 0.0006, 0.00056, 0.0005, 0.00072, 0.00056, 0.00056, 0.0005, 0.00066, 0.00076, 0.00082, 0.00096, 0.00066, 0.00082, 0.00076, 0.00082, 0.0007, 0.00082, 0.00076, 0.001, 0.0008, 0.0007, 0.0008, 0.00076, 0.00096, 0.00076, 0.0008, 0.00096, 0.00118, 0.00086, 0.00122, 0.00096, 0.001, 0.00102, 0.00106, 0.0012599999999999998, 0.00106, 0.00114, 0.00122, 0.00106, 0.0011, 0.0011, 0.00122, 0.00112, 0.00118, 0.0012599999999999998, 0.00112, 0.00116, 0.0012599999999999998, 0.0014, 0.00142, 0.00146, 0.0011, 0.00156, 0.00116, 0.0012, 0.00122, 0.0012599999999999998], "map_ys": [0.0, 0.0, 0.0, 0.0001, 0.0001, 0.0001, 0.0001, 0.0001, 0.0001, 0.00016, 0.0001, 0.0001, 0.0002, 0.0002, 0.00016, 0.0002, 0.0002, 0.0002, 0.0002, 0.00026, 0.0002, 0.0002, 0.00026, 0.0004, 0.0003, 0.00046, 0.00036, 0.0003, 0.00046, 0.00046, 0.0003, 0.0003, 0.0004, 0.0004, 0.0004, 0.00046, 0.0004, 0.0005, 0.0006, 0.0005, 0.00066, 0.00046, 0.0006, 0.00056, 0.00056, 0.00056, 0.0005, 0.00066, 0.00056, 0.00066, 0.00056, 0.0007, 0.0006, 0.0006, 0.0006, 0.0006, 0.0008, 0.00082, 0.00076, 0.0006, 0.00092, 0.0008, 0.00076, 0.00086, 0.00086, 0.00082, 0.00096, 0.0007, 0.0008, 0.0009, 0.0008, 0.0008, 0.00096, 0.00102, 0.00086, 0.00102, 0.0008, 0.0011, 0.00096, 0.00096, 0.001, 0.00102, 0.0009, 0.00106, 0.00096, 0.00112, 0.00116, 0.00096, 0.00106, 0.00102, 0.00132, 0.00112, 0.0013, 0.00112, 0.00128, 0.00116, 0.00106, 0.00116, 0.00132, 0.0016], "list_comprehension_ys": [0.0, 0.0, 0.0, 6.0000000000000015e-05, 6.0000000000000015e-05, 6.0000000000000015e-05, 0.0001, 0.0001, 0.0001, 0.0001, 0.0001, 0.0001, 0.0002, 0.00016, 0.0001, 0.0001, 0.00016, 0.00016, 0.0002, 0.0002, 0.0003, 0.0002, 0.0002, 0.0002, 0.0002, 0.00026, 0.00052, 0.0002, 0.00026, 0.00036, 0.00026, 0.0003, 0.0003, 0.00036, 0.0004, 0.00062, 0.00042, 0.0005, 0.0003, 0.00052, 0.0003, 0.00056, 0.00052, 0.00046, 0.0004, 0.00056, 0.0004, 0.0004, 0.00046, 0.00046, 0.0004, 0.00062, 0.00066, 0.00056, 0.0005, 0.00056, 0.0005, 0.00056, 0.00072, 0.00076, 0.0005, 0.0006, 0.00056, 0.00066, 0.00066, 0.00076, 0.0006, 0.00096, 0.00072, 0.00066, 0.00082, 0.00098, 0.00066, 0.0006, 0.00082, 0.00066, 0.0007, 0.00076, 0.00112, 0.00086, 0.0007, 0.00088, 0.001, 0.00086, 0.00106, 0.0011, 0.00104, 0.0008, 0.0009, 0.00098, 0.00096, 0.00086, 0.00096, 0.00092, 0.00112, 0.00102, 0.00114, 0.0015, 0.00142, 0.00096], "reduce_ys": [0.0, 0.0, 6.0000000000000015e-05, 0.0001, 0.0001, 0.0001, 0.0002, 0.0001, 0.0002, 0.0001, 0.0001, 0.0002, 0.0002, 0.0002, 0.0002, 0.00026, 0.0004, 0.00058, 0.0003, 0.00042, 0.00036, 0.0003, 0.0004, 0.00046, 0.00042, 0.00056, 0.0004, 0.0005, 0.00046, 0.00046, 0.00052, 0.00056, 0.0008, 0.0005, 0.00056, 0.0005, 0.00076, 0.00066, 0.00066, 0.00072, 0.0007, 0.00066, 0.00072, 0.00076, 0.00092, 0.0007, 0.00076, 0.00096, 0.00096, 0.00096, 0.00106, 0.00092, 0.0009, 0.00092, 0.00096, 0.00092, 0.0009, 0.00092, 0.0012599999999999998, 0.001, 0.00116, 0.00096, 0.001, 0.00116, 0.00118, 0.0012, 0.0011, 0.0015, 0.00122, 0.0013599999999999999, 0.00122, 0.00122, 0.0013, 0.00142, 0.0012599999999999998, 0.0013, 0.0012599999999999998, 0.00154, 0.0013599999999999999, 0.0013599999999999999, 0.00146, 0.00146, 0.00146, 0.00152, 0.00164, 0.0015, 0.00156, 0.00182, 0.0017, 0.00174, 0.00166, 0.0018599999999999999, 0.0017599999999999998, 0.00172, 0.00156, 0.00182, 0.0016, 0.0017599999999999998, 0.0017599999999999998, 0.0016]}