{"xs": [1, 201, 401, 601, 801, 1001, 1201, 1401, 1601, 1801, 2001, 2201, 2401, 2601, 2801, 3001, 3201, 3401, 3601, 3801, 4001, 4201, 4401, 4601, 4801, 5001, 5201, 5401, 5601, 5801, 6001, 6201, 6401, 6601, 6801, 7001, 7201, 7401, 7601, 7801, 8001, 8201, 8401, 8601, 8801, 9001, 9201, 9401, 9601, 9801, 10001, 10201, 10401, 10601, 10801, 11001, 11201, 11401, 11601, 11801, 12001, 12201, 12401, 12601, 12801, 13001, 13201, 13401, 13601, 13801, 14001, 14201, 14401, 14601, 14801, 15001, 15201, 15401, 15601, 15801, 16001, 16201, 16401, 16601, 16801, 17001, 17201, 17401, 17601, 17801, 18001, 18201, 18401, 18601, 18801, 19001, 19201, 19401, 19601, 19801], "f_string_ys": [0.0, 0.0, 0.0, 9.999999999999965e-06, 0.0001, 0.0001, 0.0001, 0.0002, 0.0001, 0.0001, 0.00010999999999999996, 0.0002, 0.0002, 0.0002, 0.0003, 0.0003, 0.00020999999999999998, 0.0004, 0.0005, 0.00030999999999999995, 0.00030999999999999995, 0.0005, 0.00041, 0.0006, 0.0006099999999999999, 0.0006, 0.0007, 0.0006099999999999999, 0.0006099999999999999, 0.0007099999999999999, 0.0007199999999999999, 0.0006099999999999999, 0.00081, 0.00101, 0.0006099999999999999, 0.0007, 0.0007, 0.0006199999999999999, 0.0008, 0.0006099999999999999, 0.0008, 0.0009199999999999999, 0.0007099999999999999, 0.00081, 0.00112, 0.00101, 0.00081, 0.0009, 0.0009199999999999999, 0.0009099999999999999, 0.001, 0.0009, 0.001, 0.0009199999999999999, 0.001, 0.0010599999999999997, 0.0013199999999999998, 0.0013199999999999998, 0.0011, 0.0012, 0.00131, 0.00121, 0.00141, 0.00114, 0.0013399999999999998, 0.00121, 0.0012199999999999997, 0.00121, 0.0012199999999999997, 0.00141, 0.00145, 0.0013399999999999998, 0.0014399999999999999, 0.00141, 0.00145, 0.0014, 0.00151, 0.0013, 0.0015, 0.0014199999999999998, 0.00151, 0.0015, 0.0013199999999999998, 0.00153, 0.00151, 0.0014, 0.0016, 0.00151, 0.00223, 0.0018199999999999998, 0.0015, 0.00181, 0.00181, 0.0017199999999999997, 0.0017, 0.0018199999999999998, 0.0017199999999999997, 0.0019, 0.0017499999999999998, 0.00272], "string_format_ys": [0.0, 0.0, 9.999999999999965e-06, 0.0, 0.0001, 0.0001, 0.0001, 0.0001, 0.0002, 0.00010999999999999996, 0.0001, 0.0002, 0.0002, 0.00020999999999999998, 0.00020999999999999998, 0.0004, 0.00041, 0.0004, 0.0003, 0.0004, 0.0005, 0.0003, 0.0005099999999999999, 0.0005099999999999999, 0.0005299999999999999, 0.0005099999999999999, 0.0006099999999999999, 0.0005099999999999999, 0.0005, 0.0005099999999999999, 0.0008, 0.00081, 0.0005099999999999999, 0.0006399999999999998, 0.0007399999999999999, 0.0006, 0.0006, 0.0005099999999999999, 0.0007099999999999999, 0.0007, 0.0006099999999999999, 0.0007, 0.0007099999999999999, 0.00101, 0.0012199999999999997, 0.00081, 0.0009099999999999999, 0.0008, 0.0009, 0.00082, 0.0009099999999999999, 0.00111, 0.0009399999999999999, 0.0009099999999999999, 0.0009199999999999999, 0.00112, 0.0012199999999999997, 0.00121, 0.0013, 0.0013, 0.0014199999999999998, 0.00141, 0.0012199999999999997, 0.0011, 0.00101, 0.0011, 0.00121, 0.0011, 0.00114, 0.0012, 0.00151, 0.0017, 0.00145, 0.0012399999999999998, 0.00111, 0.0013, 0.0013299999999999998, 0.00131, 0.0014, 0.0014, 0.0014, 0.00131, 0.0014, 0.0015, 0.0014, 0.0015, 0.0015, 0.00151, 0.00141, 0.0016099999999999997, 0.0015, 0.0015, 0.00151, 0.0017, 0.00151, 0.0018199999999999998, 0.00162, 0.0017399999999999998, 0.00201, 0.002], "logging_params_ys": [0.0, 0.0, 0.0, 0.0, 0.0, 0.0, 0.0, 0.0, 0.0, 0.0, 0.0, 0.0, 0.0, 0.0, 0.0, 0.0, 0.0, 0.0, 0.0, 0.0, 0.0, 0.0, 0.0, 0.0, 0.0, 0.0, 0.0, 0.0, 0.0, 0.0, 0.0, 0.0, 0.0, 0.0, 0.0, 0.0, 0.0, 0.0, 0.0, 0.0, 0.0, 0.0, 0.0, 0.0, 0.0, 0.0, 0.0, 0.0, 0.0, 0.0, 0.0, 0.0, 0.0, 0.0, 0.0, 0.0, 0.0, 0.0, 0.0, 0.0, 0.0, 0.0, 0.0, 0.0, 0.0, 0.0, 0.0, 0.0, 0.0, 0.0, 0.0, 0.0, 0.0, 0.0, 0.0, 0.0, 0.0, 0.0, 0.0, 0.0, 0.0, 0.0, 0.0, 0.0, 0.0, 0.0, 0.0, 0.0, 0.0, 9.999999999999965e-06, 0.0, 0.0, 0.0, 0.0, 0.0, 0.0, 0.0, 0.0, 0.0, 0.0], "logging_check_log_level_ys": [0.0, 0.0, 0.0, 0.0, 0.0, 0.0, 0.0, 0.0, 0.0, 0.0, 0.0, 0.0, 0.0, 0.0, 0.0, 0.0, 0.0, 0.0, 0.0, 0.0, 0.0, 0.0, 0.0, 0.0, 0.0, 0.0, 0.0, 0.0, 0.0, 0.0, 0.0, 0.0, 0.0, 0.0, 0.0, 0.0, 0.0, 0.0, 0.0, 0.0, 0.0, 0.0, 0.0, 0.0, 0.0, 0.0, 0.0, 0.0, 0.0, 0.0, 0.0, 0.0, 0.0, 0.0, 0.0, 0.0, 0.0, 0.0, 0.0, 0.0, 0.0, 0.0, 0.0, 0.0, 0.0, 0.0, 0.0, 0.0, 0.0, 0.0, 0.0, 0.0, 0.0, 0.0, 0.0, 0.0, 0.0, 0.0, 0.0, 0.0, 0.0, 0.0, 0.0, 0.0, 0.0, 0.0, 0.0, 0.0, 0.0, 0.0, 0.0, 0.0, 0.0, 0.0, 0.0, 0.0, 0.0, 0.0, 0.0, 0.0], "log_using_percent_ys": [0.0, 0.0, 0.0, 0.0001, 0.0001, 0.0001, 0.0001, 0.0001, 0.0001, 0.0001, 0.0002, 0.00020999999999999998, 0.0002, 0.0002, 0.0002, 0.0002, 0.0002, 0.00020999999999999998, 0.0005, 0.0004, 0.0004, 0.0005099999999999999, 0.0005099999999999999, 0.00041, 0.00041, 0.0005099999999999999, 0.0005299999999999999, 0.0006099999999999999, 0.0007099999999999999, 0.0005299999999999999, 0.0006099999999999999, 0.0007099999999999999, 0.0007099999999999999, 0.00081, 0.0006, 0.0007, 0.0007, 0.0007099999999999999, 0.0007199999999999999, 0.0006099999999999999, 0.0007, 0.0007, 0.0008, 0.00101, 0.0008, 0.0007299999999999999, 0.0007099999999999999, 0.0008, 0.00081, 0.00105, 0.00082, 0.0009099999999999999, 0.0009, 0.00101, 0.00111, 0.0012199999999999997, 0.00112, 0.0010299999999999999, 0.0012, 0.00114, 0.0012199999999999997, 0.0014199999999999998, 0.00141, 0.00121, 0.0011, 0.00104, 0.00131, 0.00131, 0.0012, 0.0016, 0.0016, 0.0015, 0.0014199999999999998, 0.00121, 0.00121, 0.0012299999999999998, 0.00141, 0.00131, 0.0013199999999999998, 0.00141, 0.00141, 0.0015199999999999999, 0.00151, 0.0014199999999999998, 0.0014, 0.00141, 0.00161, 0.00151, 0.00161, 0.00181, 0.00162, 0.00161, 0.00163, 0.00161, 0.00161, 0.0018, 0.00171, 0.0018299999999999998, 0.0020499999999999997, 0.00171]}