{"xs": [1, 101, 201, 301, 401, 501, 601, 701, 801, 901, 1001, 1101, 1201, 1301, 1401, 1501, 1601, 1701, 1801, 1901, 2001, 2101, 2201, 2301, 2401, 2501, 2601, 2701, 2801, 2901, 3001, 3101, 3201, 3301, 3401, 3501, 3601, 3701, 3801, 3901, 4001, 4101, 4201, 4301, 4401, 4501, 4601, 4701, 4801, 4901, 5001, 5101, 5201, 5301, 5401, 5501, 5601, 5701, 5801, 5901, 6001, 6101, 6201, 6301, 6401, 6501, 6601, 6701, 6801, 6901, 7001, 7101, 7201, 7301, 7401, 7501, 7601, 7701, 7801, 7901, 8001, 8101, 8201, 8301, 8401, 8501, 8601, 8701, 8801, 8901, 9001, 9101, 9201, 9301, 9401, 9501, 9601, 9701, 9801, 9901, 10001, 10101, 10201, 10301, 10401, 10501, 10601, 10701, 10801, 10901, 11001, 11101, 11201, 11301, 11401, 11501, 11601, 11701, 11801, 11901, 12001, 12101, 12201, 12301, 12401, 12501, 12601, 12701, 12801, 12901, 13001, 13101, 13201, 13301, 13401, 13501, 13601, 13701, 13801, 13901, 14001, 14101, 14201, 14301, 14401, 14501, 14601, 14701, 14801, 14901, 15001, 15101, 15201, 15301, 15401, 15501, 15601, 15701, 15801, 15901, 16001, 16101, 16201, 16301, 16401, 16501, 16601, 16701, 16801, 16901, 17001, 17101, 17201, 17301, 17401, 17501, 17601, 17701, 17801, 17901, 18001, 18101, 18201, 18301, 18401, 18501, 18601, 18701, 18801, 18901, 19001, 19101, 19201, 19301, 19401, 19501, 19601, 19701, 19801, 19901], "f_string_ys": [1.999999999999993e-05, 1.999999999999993e-05, 9.999999999999965e-06, 9.999999999999965e-06, 0.00016999999999999974, 0.0001, 0.0001, 0.0001, 0.0001599999999999998, 0.0001, 0.00010999999999999996, 0.00019999999999999966, 0.00020999999999999998, 0.0002, 0.0002899999999999997, 0.0002, 0.00029999999999999965, 0.00020999999999999998, 0.00029999999999999965, 0.0004299999999999995, 0.0017099999999999993, 0.0004199999999999996, 0.0003, 0.0003799999999999997, 0.0004899999999999997, 0.00047999999999999974, 0.0003, 0.0007799999999999997, 0.0005999999999999996, 0.0016, 0.0015199999999999997, 0.0006999999999999996, 0.0007499999999999998, 0.0017199999999999997, 0.00151, 0.0015199999999999999, 0.0007299999999999995, 0.00191, 0.0017199999999999997, 0.0015699999999999993, 0.00181, 0.0007599999999999998, 0.0018699999999999997, 0.0006799999999999996, 0.00171, 0.00164, 0.0020599999999999998, 0.0019199999999999998, 0.0011699999999999998, 0.00212, 0.00232, 0.0030299999999999993, 0.0012499999999999998, 0.0028, 0.00251, 0.002, 0.0034, 0.00292, 0.0026699999999999996, 0.00301, 0.00221, 0.0022, 0.00252, 0.00222, 0.00242, 0.00231, 0.00241, 0.00231, 0.00272, 0.00252, 0.007839999999999986, 0.0025, 0.0023, 0.00231, 0.00262, 0.00231, 0.0027, 0.00353, 0.0027099999999999997, 0.0027299999999999994, 0.0026, 0.004179999999999999, 0.00274, 0.0029099999999999994, 0.00276, 0.0027299999999999994, 0.00243, 0.0026, 0.0027300000000000002, 0.0037799999999999986, 0.00261, 0.00307, 0.00281, 0.0028, 0.00291, 0.00271, 0.00281, 0.00271, 0.0030199999999999992, 0.004339999999999999, 0.00261, 0.00292, 0.00281, 0.0036799999999999984, 0.0031, 0.004819999999999999, 0.0028899999999999993, 0.004539999999999999, 0.00413, 0.0033199999999999996, 0.004539999999999999, 0.004319999999999999, 0.0031799999999999992, 0.0038499999999999997, 0.0035399999999999993, 0.00328, 0.003629999999999998, 0.003879999999999998, 0.003679999999999999, 0.00754, 0.005079999999999999, 0.0043799999999999985, 0.00809, 0.00827, 0.00834, 0.0032999999999999995, 0.008719999999999997, 0.0047199999999999985, 0.0036299999999999995, 0.003919999999999998, 0.0037099999999999993, 0.0037099999999999985, 0.004519999999999999, 0.004839999999999999, 0.0034, 0.004709999999999998, 0.004859999999999999, 0.004799999999999999, 0.005179999999999998, 0.0055899999999999995, 0.005519999999999999, 0.004219999999999998, 0.00855, 0.0036999999999999997, 0.0033199999999999996, 0.004509999999999998, 0.004819999999999999, 0.00818, 0.004419999999999998, 0.004189999999999998, 0.005989999999999996, 0.005519999999999999, 0.005339999999999999, 0.00784, 0.004289999999999999, 0.004249999999999999, 0.004939999999999999, 0.00941, 0.005009999999999999, 0.004929999999999999, 0.00864, 0.00854, 0.00658, 0.00836, 0.00899, 0.005599999999999998, 0.009239999999999998, 0.009519999999999999, 0.01002, 0.0096, 0.005129999999999998, 0.00822, 0.01001, 0.004779999999999999, 0.008549999999999999, 0.008969999999999999, 0.009009999999999999, 0.00861, 0.00953, 0.00724, 0.009619999999999998, 0.004519999999999998, 0.004909999999999999, 0.005729999999999998, 0.009930000000000001, 0.00964, 0.008709999999999999, 0.009559999999999999, 0.009930000000000001, 0.0096, 0.008669999999999999, 0.00983, 0.009349999999999999, 0.00942, 0.01001, 0.00975, 0.00992, 0.01013, 0.01034, 0.00919], "string_format_ys": [0.0001, 0.0, 5.9999999999999785e-05, 0.00013999999999999988, 0.0001, 0.00014999999999999982, 0.0001, 0.0001, 0.00019999999999999966, 0.0001, 0.0001, 0.00027999999999999976, 0.0002, 0.0002, 0.0003799999999999997, 0.0002, 0.0002899999999999997, 0.0002, 0.0012399999999999998, 0.0002899999999999997, 0.00030999999999999995, 0.00032999999999999956, 0.0003, 0.0013999999999999991, 0.0005899999999999997, 0.0017699999999999986, 0.0014, 0.00114, 0.00141, 0.0016599999999999994, 0.0005, 0.0005199999999999996, 0.0006299999999999995, 0.0021599999999999996, 0.0006999999999999996, 0.0018499999999999994, 0.0019, 0.0029299999999999986, 0.0019799999999999996, 0.0006999999999999996, 0.00191, 0.0018, 0.0013699999999999997, 0.0007899999999999997, 0.0011199999999999997, 0.0021399999999999995, 0.0011599999999999998, 0.0018199999999999998, 0.0022, 0.0020399999999999993, 0.00202, 0.00232, 0.0019299999999999999, 0.0031599999999999996, 0.0021, 0.0018199999999999998, 0.00211, 0.0031499999999999996, 0.0022, 0.0028699999999999997, 0.00226, 0.00222, 0.0022, 0.0022, 0.0023699999999999997, 0.00251, 0.0023399999999999996, 0.00259, 0.00231, 0.0023, 0.0023, 0.0028799999999999997, 0.00251, 0.0026499999999999996, 0.002509999999999999, 0.0024999999999999996, 0.0032300000000000002, 0.0025399999999999997, 0.0025, 0.00261, 0.0025599999999999998, 0.00279, 0.00262, 0.00253, 0.00262, 0.00242, 0.0026399999999999996, 0.00261, 0.00252, 0.0027099999999999997, 0.0027, 0.0029999999999999996, 0.003, 0.00261, 0.00283, 0.0028499999999999997, 0.0029299999999999994, 0.0026899999999999997, 0.00291, 0.00281, 0.00271, 0.0028799999999999997, 0.0026399999999999996, 0.0027499999999999994, 0.0031799999999999997, 0.0029199999999999994, 0.003, 0.004139999999999999, 0.0029599999999999995, 0.0029, 0.0029499999999999995, 0.00308, 0.00303, 0.0032699999999999995, 0.003579999999999999, 0.0029999999999999996, 0.0032999999999999995, 0.0031999999999999997, 0.0030499999999999998, 0.00331, 0.00329, 0.0034199999999999994, 0.004089999999999998, 0.003559999999999998, 0.0035099999999999992, 0.0033, 0.00322, 0.00341, 0.0042099999999999985, 0.0033299999999999996, 0.0035399999999999993, 0.00311, 0.00313, 0.0033, 0.00372, 0.003589999999999999, 0.0035, 0.0035399999999999997, 0.0036799999999999992, 0.003839999999999998, 0.0040599999999999985, 0.0038399999999999997, 0.00352, 0.0035, 0.0037599999999999995, 0.004659999999999999, 0.005829999999999998, 0.00359, 0.00929, 0.005079999999999999, 0.0038299999999999996, 0.0038899999999999994, 0.004149999999999999, 0.0035699999999999994, 0.004239999999999998, 0.00331, 0.0037599999999999995, 0.00821, 0.00381, 0.004329999999999998, 0.0085, 0.009009999999999999, 0.00397, 0.005279999999999998, 0.00863, 0.009849999999999998, 0.00971, 0.006759999999999999, 0.009609999999999999, 0.00889, 0.008419999999999999, 0.005479999999999999, 0.0039299999999999995, 0.0040999999999999995, 0.00835, 0.00849, 0.00985, 0.009009999999999999, 0.00904, 0.00868, 0.00907, 0.00895, 0.006689999999999999, 0.0042899999999999995, 0.0097, 0.00929, 0.005369999999999998, 0.00893, 0.01021, 0.00915, 0.00907, 0.00968, 0.009130000000000001, 0.00951, 0.009819999999999999, 0.01004, 0.01032, 0.00959, 0.0096, 0.010419999999999999],