{"xs": [1, 101, 201, 301, 401, 501, 601, 701, 801, 901, 1001, 1101, 1201, 1301, 1401, 1501, 1601, 1701, 1801, 1901], "named_tuple_ys": [0.0, 0.0001, 0.0003, 0.00040999999999999945, 0.0004, 0.0007, 0.0008, 0.0008, 0.0008, 0.001, 0.0009, 0.0012099999999999993, 0.0013, 0.0013, 0.0014, 0.0016, 0.0022, 0.0015, 0.0017, 0.0021099999999999995], "dataclass_ys": [0.0, 0.0001, 0.0003, 0.0003, 0.0007, 0.0007099999999999995, 0.001, 0.0008, 0.0009099999999999995, 0.0019199999999999987, 0.001, 0.0015, 0.0017099999999999993, 0.0016, 0.0017, 0.0017, 0.002, 0.0019, 0.0021099999999999995, 0.0025], "pythonclass_ys": [0.0, 0.0002, 0.0004, 0.00040999999999999945, 0.0011, 0.0008, 0.0011, 0.0013, 0.0013, 0.0012, 0.0014, 0.0016, 0.0017, 0.002, 0.0020099999999999996, 0.0021, 0.0023099999999999996, 0.0023, 0.0024099999999999994, 0.0030099999999999997], "frozen_dataclass_ys": [0.0, 0.0002, 0.0005, 0.0008, 0.0012, 0.0012, 0.0011099999999999994, 0.0011, 0.002, 0.0018, 0.002, 0.0023, 0.0026, 0.0026, 0.0026, 0.0028099999999999996, 0.0028099999999999996, 0.0032, 0.0041, 0.003909999999999999]}