{"xs": [1, 101, 201, 301, 401, 501, 601, 701, 801, 901, 1001, 1101, 1201, 1301, 1401, 1501, 1601, 1701, 1801, 1901, 2001, 2101, 2201, 2301, 2401, 2501, 2601, 2701, 2801, 2901, 3001, 3101, 3201, 3301, 3401, 3501, 3601, 3701, 3801, 3901, 4001, 4101, 4201, 4301, 4401, 4501, 4601, 4701, 4801, 4901, 5001, 5101, 5201, 5301, 5401, 5501, 5601, 5701, 5801, 5901, 6001, 6101, 6201, 6301, 6401, 6501, 6601, 6701, 6801, 6901, 7001, 7101, 7201, 7301, 7401, 7501, 7601, 7701, 7801, 7901, 8001, 8101, 8201, 8301, 8401, 8501, 8601, 8701, 8801, 8901, 9001, 9101, 9201, 9301, 9401, 9501, 9601, 9701, 9801, 9901, 10001, 10101, 10201, 10301, 10401, 10501, 10601, 10701, 10801, 10901, 11001, 11101, 11201, 11301, 11401, 11501, 11601, 11701, 11801, 11901, 12001, 12101, 12201, 12301, 12401, 12501, 12601, 12701, 12801, 12901, 13001, 13101, 13201, 13301, 13401, 13501, 13601, 13701, 13801, 13901, 14001, 14101, 14201, 14301, 14401, 14501, 14601, 14701, 14801, 14901, 15001, 15101, 15201, 15301, 15401, 15501, 15601, 15701, 15801, 15901, 16001, 16101, 16201, 16301, 16401, 16501, 16601, 16701, 16801, 16901, 17001, 17101, 17201, 17301, 17401, 17501, 17601, 17701, 17801, 17901, 18001, 18101, 18201, 18301, 18401, 18501, 18601, 18701, 18801, 18901, 19001, 19101, 19201, 19301, 19401, 19501, 19601, 19701, 19801, 19901], "f_string_ys": [0.0, 0.0, 0.0, 0.0, 0.0, 0.0, 0.0, 0.0001, 0.0001, 0.0001, 0.0001, 0.0001, 0.0001, 0.0001, 0.0002, 0.0001, 0.0001, 0.0001, 0.0002, 0.0002, 0.0002, 0.0003, 0.0002, 0.0003, 0.0002, 0.0002, 0.00020999999999999998, 0.0002, 0.00020999999999999998, 0.00020999999999999998, 0.0005, 0.0002, 0.00020999999999999998, 0.0002, 0.0003, 0.0003, 0.00030999999999999995, 0.00030999999999999995, 0.0003, 0.0003, 0.00030999999999999995, 0.0004, 0.00041999999999999996, 0.00041, 0.0004, 0.0004, 0.00041, 0.00041, 0.0005, 0.0005099999999999999, 0.0006, 0.0006099999999999999, 0.0004, 0.0006, 0.0006099999999999999, 0.0006099999999999999, 0.0007099999999999999, 0.0006099999999999999, 0.0007099999999999999, 0.00081, 0.0006, 0.0006099999999999999, 0.00052, 0.0006, 0.0005, 0.00052, 0.0005099999999999999, 0.0005, 0.0006, 0.0007, 0.0006099999999999999, 0.0007, 0.0007099999999999999, 0.0007, 0.0007, 0.0007099999999999999, 0.0006099999999999999, 0.0006, 0.0006199999999999999, 0.0008, 0.0007, 0.0007099999999999999, 0.0007199999999999999, 0.0008, 0.0007099999999999999, 0.0008, 0.0006099999999999999, 0.0006199999999999999, 0.0007099999999999999, 0.0009, 0.00082, 0.0009099999999999999, 0.0008, 0.00082, 0.0009, 0.0007199999999999999, 0.0007099999999999999, 0.0007099999999999999, 0.001, 0.00081, 0.00081, 0.0009099999999999999, 0.00081, 0.00101, 0.00101, 0.0009099999999999999, 0.0010299999999999999, 0.0009099999999999999, 0.00101, 0.001, 0.0009, 0.0009, 0.0009099999999999999, 0.0009, 0.00101, 0.0011, 0.001, 0.00101, 0.0009099999999999999, 0.0009, 0.001, 0.00121, 0.00112, 0.0014, 0.00111, 0.0009, 0.00101, 0.0011, 0.0012199999999999997, 0.00121, 0.00111, 0.00111, 0.001, 0.0011, 0.0012, 0.0012, 0.00131, 0.00131, 0.00121, 0.0011, 0.0013, 0.00131, 0.00131, 0.00121, 0.00121, 0.00111, 0.00131, 0.00131, 0.0013, 0.00131, 0.0012, 0.0014, 0.00131, 0.00131, 0.00141, 0.00141, 0.0013, 0.0013199999999999998, 0.0014599999999999997, 0.00141, 0.0013, 0.00121, 0.0014, 0.0015, 0.0015, 0.00161, 0.0015, 0.0014199999999999998, 0.0015199999999999999, 0.00151, 0.00161, 0.0013, 0.0014, 0.00151, 0.0016, 0.0015, 0.0014, 0.0015, 0.0015, 0.0015199999999999999, 0.00151, 0.0014299999999999998, 0.0015, 0.0016, 0.0018, 0.0016, 0.00141, 0.00171, 0.0018199999999999998, 0.00161, 0.0016, 0.00151, 0.0017, 0.0017199999999999997, 0.00171, 0.00151, 0.0019399999999999999, 0.0018, 0.0017, 0.0015], "string_format_ys": [0.0, 0.0, 0.0, 0.0, 0.0, 0.0, 9.999999999999965e-06, 0.0001, 0.0001, 0.0001, 0.0001, 0.0001, 0.00010999999999999996, 0.0001, 0.0001, 0.0001, 0.0001, 0.0001, 0.00010999999999999996, 0.0001, 0.00010999999999999996, 0.00030999999999999995, 0.0002, 0.0002, 0.0002, 0.0002, 0.0002, 0.0002, 0.00020999999999999998, 0.0002, 0.0002, 0.00020999999999999998, 0.00030999999999999995, 0.0002, 0.0003, 0.0003, 0.00041, 0.0003, 0.00030999999999999995, 0.00030999999999999995, 0.0004, 0.00041, 0.0005, 0.0005, 0.00041, 0.0005, 0.00052, 0.00041, 0.0006099999999999999, 0.0005, 0.0006, 0.0005099999999999999, 0.0004, 0.0006099999999999999, 0.0005099999999999999, 0.0006099999999999999, 0.0006099999999999999, 0.0007, 0.0005099999999999999, 0.0006099999999999999, 0.0006, 0.0006099999999999999, 0.0006099999999999999, 0.0005, 0.0005, 0.0005099999999999999, 0.00052, 0.0006, 0.0006099999999999999, 0.0007099999999999999, 0.0006199999999999999, 0.0007199999999999999, 0.0008, 0.0007, 0.0007, 0.0007, 0.0006, 0.0006099999999999999, 0.0006099999999999999, 0.0006099999999999999, 0.0008, 0.0007, 0.0007199999999999999, 0.00081, 0.00081, 0.0007, 0.0007099999999999999, 0.0007, 0.0008, 0.0009099999999999999, 0.00081, 0.0009099999999999999, 0.0008, 0.00081, 0.0008, 0.00081, 0.0007099999999999999, 0.0009, 0.0009, 0.0009099999999999999, 0.0009199999999999999, 0.0009, 0.0009, 0.001, 0.001, 0.00082, 0.001, 0.00101, 0.00101, 0.0010199999999999999, 0.0009, 0.0009, 0.0009, 0.00101, 0.001, 0.00101, 0.0011, 0.00101, 0.0009, 0.00081, 0.00101, 0.00121, 0.00112, 0.0011, 0.00101, 0.0009, 0.0009099999999999999, 0.00111, 0.00111, 0.0012, 0.0011, 0.0011, 0.0009099999999999999, 0.00111, 0.00111, 0.0012, 0.00112, 0.0012, 0.0013, 0.001, 0.0012199999999999997, 0.0012199999999999997, 0.00121, 0.0013699999999999997, 0.00101, 0.001, 0.0013, 0.0014, 0.00131, 0.00131, 0.0011, 0.00131, 0.0014, 0.0014, 0.00131, 0.0012, 0.00111, 0.0016, 0.00151, 0.0014199999999999998, 0.00141, 0.0012, 0.00131, 0.0015, 0.0014, 0.00141, 0.00162, 0.0016, 0.00151, 0.00141, 0.0014199999999999998, 0.00121, 0.00151, 0.0016, 0.0016, 0.0016, 0.0014, 0.0015199999999999999, 0.0015, 0.00161, 0.0016, 0.00131, 0.00161, 0.0016, 0.0016, 0.0014, 0.0014, 0.00171, 0.0019099999999999996, 0.00151, 0.00141, 0.00171, 0.0018, 0.0017, 0.0015, 0.0014, 0.002, 0.00191, 0.00171, 0.00151], "logging_params_ys": [0.0, 0.0, 0.0, 0.0, 0.0, 0.0, 0.0, 0.0, 0.0, 0.0, 0.0, 0.0, 0.0, 0.0, 0.0, 0.0, 0.0, 0.0, 0.0, 0.0, 0.0, 0.0, 0.0, 0.0, 0.0, 0.0, 0.0, 0.0, 0.0, 0.0, 0.0, 0.0, 0.0, 0.0, 0.0, 0.0, 0.0, 0.0, 0.0, 0.0, 0.0, 0.0, 0.0, 0.0, 0.0, 0.0, 0.0, 0.0, 0.0, 0.0, 0.0, 0.0, 0.0, 0.0, 0.0, 0.0, 0.0, 0.0, 0.0, 0.0, 0.0, 0.0, 0.0, 0.0, 0.0, 0.0, 0.0, 0.0, 0.0, 0.0, 0.0, 0.0, 0.0, 0.0, 0.0, 0.0, 0.0, 0.0, 0.0, 0.0, 0.0, 0.0, 0.0, 0.0, 0.0, 0.0, 0.0, 0.0, 0.0, 0.0, 0.0, 0.0, 0.0, 0.0, 0.0, 0.0, 0.0, 0.0, 0.0, 0.0, 0.0, 0.0, 0.0, 0.0, 0.0, 0.0, 0.0, 0.0, 0.0, 0.0, 0.0, 0.0, 0.0, 0.0, 0.0, 0.0, 0.0, 0.0, 0.0, 0.0, 0.0, 0.0, 0.0, 0.0, 0.0, 0.0, 0.0, 0.0, 0.0, 0.0, 0.0, 0.0, 0.0, 0.0, 0.0, 0.0, 0.0, 0.0, 0.0, 0.0, 0.0, 0.0, 0.0, 0.0, 0.0, 0.0, 0.0, 0.0, 0.0, 0.0, 0.0, 0.0, 0.0, 0.0, 0.0, 0.0, 0.0, 0.0, 0.0, 0.0, 0.0, 0.0, 0.0, 0.0, 0.0, 0.0, 0.0, 0.0, 0.0, 0.0, 0.0, 0.0, 0.0, 0.0, 0.0, 0.0, 0.0, 0.0, 0.0, 0.0, 0.0, 0.0, 0.0, 0.0, 0.0, 0.0, 0.0, 0.0, 0.0, 0.0, 0.0, 0.0, 0.0, 0.0, 0.0, 0.0, 0.0, 0.0, 0.0, 0.0],